<?xml version="1.0" encoding="UTF-8"?>
<project-private xmlns="http://www.netbeans.org/ns/project-private/1">
    <editor-bookmarks xmlns="http://www.netbeans.org/ns/editor-bookmarks/2" lastBookmarkId="0"/>
    <open-files xmlns="http://www.netbeans.org/ns/projectui-open-files/2">
        <group>
            <file>file:/C:/Users/User/Documents/NetBeansProjects/GUI-Assignment(1)/web/AdminUpdateProd.jsp</file>
            <file>file:/C:/Users/User/Documents/NetBeansProjects/GUI-Assignment(1)/web/AdminDisplayProd.jsp</file>
            <file>file:/C:/Users/User/Documents/NetBeansProjects/GUI-Assignment(1)/web/index.html</file>
            <file>file:/C:/Users/User/Documents/NetBeansProjects/GUI-Assignment(1)/web/AdminProdAdd.jsp</file>
            <file>file:/C:/Users/User/Documents/NetBeansProjects/GUI-Assignment(1)/src/java/Controller/ProdAddServlet.java</file>
            <file>file:/C:/Users/User/Documents/NetBeansProjects/GUI-Assignment(1)/web/ProdInformation.jsp</file>
            <file>file:/C:/Users/User/Documents/NetBeansProjects/GUI-Assignment(1)/web/CustDisplayProd.jsp</file>
            <file>file:/C:/Users/User/Documents/NetBeansProjects/GUI-Assignment(1)/src/java/Controller/UpdateProdServlet.java</file>
        </group>
    </open-files>
</project-private>
